,Latitude,Lat,Longitude,Lon,Altitude,CommandTX
0,3511.760010,b'N',8607.298828,b'W',253.1,0
1,3511.760010,b'N',8607.298828,b'W',253.1,0
2,3511.760254,b'N',8607.298828,b'W',253.2,0
3,3511.760010,b'N',8607.298828,b'W',253.1,0
4,3511.760010,b'N',8607.298828,b'W',253.1,0
5,3511.760010,b'N',8607.298828,b'W',253.1,0
6,3511.760010,b'N',8607.298828,b'W',253.1,0
7,3511.760010,b'N',8607.298828,b'W',253.2,0
8,3511.759766,b'N',8607.298828,b'W',253.2,0
9,3511.759521,b'N',8607.298828,b'W',253.2,0
10,3511.759033,b'N',8607.298828,b'W',253.2,0
11,3511.759277,b'N',8607.298828,b'W',253.2,0
12,3511.759277,b'N',8607.298828,b'W',253.2,0
13,3511.759277,b'N',8607.298828,b'W',253.2,0
14,3511.759766,b'N',8607.298828,b'W',253.2,0
15,3511.759766,b'N',8607.298828,b'W',253.2,0
16,3511.759766,b'N',8607.298828,b'W',253.2,0
17,3511.760010,b'N',8607.298828,b'W',253.2,0
18,3511.760010,b'N',8607.298828,b'W',253.2,0
19,3511.760010,b'N',8607.298828,b'W',253.2,0
20,3511.760498,b'N',8607.298828,b'W',253.3,0
21,3511.760742,b'N',8607.298828,b'W',253.3,0
22,3511.760742,b'N',8607.298828,b'W',253.3,0
23,3511.760498,b'N',8607.298828,b'W',253.3,0
24,3511.760254,b'N',8607.298828,b'W',253.3,0
25,3511.760010,b'N',8607.298828,b'W',253.3,0
26,3511.760010,b'N',8607.298828,b'W',253.3,0
27,3511.760010,b'N',8607.298828,b'W',253.4,0
28,3511.760010,b'N',8607.298828,b'W',253.4,0
29,3511.760254,b'N',8607.298828,b'W',253.4,0
30,3511.760254,b'N',8607.298828,b'W',253.4,0
31,3511.760254,b'N',8607.298828,b'W',253.4,0
32,3511.760254,b'N',8607.298828,b'W',253.4,1
33,3511.760010,b'N',8607.298828,b'W',253.4,1
34,3511.760254,b'N',8607.298828,b'W',253.4,0
35,3511.760254,b'N',8607.298828,b'W',253.5,0
36,3511.760254,b'N',8607.298828,b'W',253.5,0
37,3511.760254,b'N',8607.298828,b'W',253.5,0
38,3511.760498,b'N',8607.298828,b'W',253.5,0
39,3511.760498,b'N',8607.298828,b'W',253.5,0
40,3511.760498,b'N',8607.298828,b'W',253.5,0
41,3511.760742,b'N',8607.298828,b'W',253.6,2
42,3511.760742,b'N',8607.298828,b'W',253.6,2
43,3511.760986,b'N',8607.298828,b'W',253.6,0
44,3511.760986,b'N',8607.298828,b'W',253.6,0
45,3511.760986,b'N',8607.298828,b'W',253.6,0
46,3511.760986,b'N',8607.298828,b'W',253.6,0
47,3511.761230,b'N',8607.297852,b'W',253.6,0
48,3511.761719,b'N',8607.298828,b'W',253.6,0
49,3511.761719,b'N',8607.298828,b'W',253.6,0
50,3511.761963,b'N',8607.297852,b'W',253.5,0
51,3511.761963,b'N',8607.298828,b'W',253.5,3
52,3511.762207,b'N',8607.298828,b'W',253.5,0
53,3511.762939,b'N',8607.298828,b'W',253.5,0
54,3511.762939,b'N',8607.298828,b'W',253.5,0
55,3511.763428,b'N',8607.298828,b'W',253.5,0
56,3511.763428,b'N',8607.297852,b'W',253.6,0
57,3511.763184,b'N',8607.297852,b'W',253.6,0
58,3511.762939,b'N',8607.298828,b'W',253.6,0
59,3511.762695,b'N',8607.298828,b'W',253.6,0
60,3511.762939,b'N',8607.298828,b'W',253.6,0
61,3511.763184,b'N',8607.298828,b'W',253.7,0
62,3511.763672,b'N',8607.298828,b'W',253.7,0
63,3511.763916,b'N',8607.298828,b'W',253.7,0
64,3511.763672,b'N',8607.298828,b'W',253.6,0
65,3511.763428,b'N',8607.298828,b'W',253.6,0
66,3511.763184,b'N',8607.298828,b'W',253.6,0
67,3511.763184,b'N',8607.298828,b'W',253.6,0
68,3511.762939,b'N',8607.298828,b'W',253.6,0
69,3511.762695,b'N',8607.298828,b'W',253.5,0
70,3511.762695,b'N',8607.298828,b'W',253.5,0
71,3511.762207,b'N',8607.297852,b'W',253.5,0
72,3511.762207,b'N',8607.297852,b'W',253.6,0
73,3511.761719,b'N',8607.297852,b'W',253.5,0
74,3511.760742,b'N',8607.298828,b'W',253.6,0
75,3511.760498,b'N',8607.298828,b'W',253.5,0
76,3511.760010,b'N',8607.298828,b'W',253.5,0
77,3511.759521,b'N',8607.298828,b'W',253.6,0
78,3511.759277,b'N',8607.298828,b'W',253.6,0
79,3511.758789,b'N',8607.298828,b'W',253.6,0
80,3511.758057,b'N',8607.298828,b'W',253.6,0
81,3511.757813,b'N',8607.298828,b'W',253.5,0
82,3511.757568,b'N',8607.298828,b'W',253.6,0
83,3511.757080,b'N',8607.298828,b'W',253.6,0
84,3511.756592,b'N',8607.298828,b'W',253.6,0
85,3511.756348,b'N',8607.298828,b'W',253.7,0
86,3511.755371,b'N',8607.298828,b'W',253.7,0
87,3511.755127,b'N',8607.298828,b'W',253.7,0
88,3511.755127,b'N',8607.298828,b'W',253.7,0
89,3511.755127,b'N',8607.298828,b'W',253.7,0
90,3511.755127,b'N',8607.298828,b'W',253.7,0
91,3511.755127,b'N',8607.298828,b'W',253.7,0
92,3511.755127,b'N',8607.298828,b'W',253.7,0
93,3511.755127,b'N',8607.298828,b'W',253.7,1
94,3511.755371,b'N',8607.298828,b'W',253.7,0
95,3511.755615,b'N',8607.298828,b'W',253.7,0
96,3511.755859,b'N',8607.298828,b'W',253.7,0
97,3511.755859,b'N',8607.298828,b'W',253.7,0
98,3511.755859,b'N',8607.299805,b'W',253.7,0
99,3511.756104,b'N',8607.298828,b'W',253.7,0
100,3511.756104,b'N',8607.298828,b'W',253.7,0
101,3511.756592,b'N',8607.299805,b'W',253.7,2
102,3511.756836,b'N',8607.299805,b'W',253.7,2
103,3511.757080,b'N',8607.299805,b'W',253.7,0
104,3511.757080,b'N',8607.299805,b'W',253.7,0
105,3511.757080,b'N',8607.299805,b'W',253.7,0
106,3511.757324,b'N',8607.299805,b'W',253.7,0
107,3511.757813,b'N',8607.299805,b'W',253.7,3
108,3511.757813,b'N',8607.299805,b'W',253.6,3
109,3511.757813,b'N',8607.298828,b'W',253.6,0
110,3511.758057,b'N',8607.298828,b'W',253.6,0
111,3511.758057,b'N',8607.298828,b'W',253.6,0
112,3511.758057,b'N',8607.298828,b'W',253.6,0
113,3511.758057,b'N',8607.298828,b'W',253.6,0
114,3511.758057,b'N',8607.298828,b'W',253.7,0
115,3511.758057,b'N',8607.298828,b'W',253.7,0
116,3511.758301,b'N',8607.298828,b'W',253.7,0
117,3511.758057,b'N',8607.298828,b'W',253.7,0
118,3511.758057,b'N',8607.298828,b'W',253.7,0
119,3511.758301,b'N',8607.298828,b'W',253.7,0
120,3511.758057,b'N',8607.298828,b'W',253.7,0
121,3511.758057,b'N',8607.298828,b'W',253.7,0
122,3511.758057,b'N',8607.298828,b'W',253.7,0
123,3511.758057,b'N',8607.298828,b'W',253.7,0
124,3511.758301,b'N',8607.298828,b'W',253.8,0
125,3511.758301,b'N',8607.298828,b'W',253.8,0
126,3511.758301,b'N',8607.299805,b'W',253.8,0
127,3511.758057,b'N',8607.299805,b'W',253.8,0
128,3511.758057,b'N',8607.299805,b'W',253.8,0
129,3511.758301,b'N',8607.299805,b'W',253.8,0
130,3511.758301,b'N',8607.299805,b'W',253.8,0
131,3511.758301,b'N',8607.299805,b'W',253.8,0
132,3511.758301,b'N',8607.299805,b'W',253.8,0
133,3511.758301,b'N',8607.299805,b'W',253.8,0
134,3511.758301,b'N',8607.298828,b'W',253.8,0
135,3511.758545,b'N',8607.298828,b'W',253.8,0
136,3511.758545,b'N',8607.298828,b'W',253.8,0
137,3511.758545,b'N',8607.298828,b'W',253.8,0
138,3511.758545,b'N',8607.298828,b'W',253.9,0
139,3511.758545,b'N',8607.298828,b'W',253.9,0
140,3511.758545,b'N',8607.298828,b'W',253.9,0
141,3511.758545,b'N',8607.298828,b'W',253.9,0
142,3511.758545,b'N',8607.298828,b'W',253.9,0
143,3511.758545,b'N',8607.299805,b'W',253.9,0
144,3511.758545,b'N',8607.299805,b'W',253.9,0
145,3511.758545,b'N',8607.299805,b'W',253.9,0
146,3511.758545,b'N',8607.299805,b'W',253.9,0
147,3511.758301,b'N',8607.299805,b'W',253.9,0
148,3511.758545,b'N',8607.299805,b'W',253.9,0
149,3511.758545,b'N',8607.299805,b'W',253.9,0
150,3511.758545,b'N',8607.299805,b'W',253.9,0
151,3511.758789,b'N',8607.299805,b'W',253.9,0
152,3511.758789,b'N',8607.299805,b'W',253.9,0
153,3511.758789,b'N',8607.299805,b'W',253.9,0
154,3511.758789,b'N',8607.299805,b'W',253.9,0
155,3511.758789,b'N',8607.299805,b'W',253.9,0
156,3511.758789,b'N',8607.299805,b'W',253.9,0
157,3511.758789,b'N',8607.299805,b'W',253.9,0
158,3511.758789,b'N',8607.299805,b'W',253.9,0
159,3511.758789,b'N',8607.299805,b'W',253.9,0
160,3511.759033,b'N',8607.299805,b'W',253.9,0
161,3511.759033,b'N',8607.299805,b'W',253.9,0
162,3511.759033,b'N',8607.299805,b'W',253.9,0
163,3511.759033,b'N',8607.299805,b'W',253.9,0
164,3511.759033,b'N',8607.299805,b'W',253.9,0
165,3511.759033,b'N',8607.299805,b'W',253.9,0
166,3511.759033,b'N',8607.299805,b'W',253.9,0
167,3511.758789,b'N',8607.299805,b'W',253.9,0
168,3511.758789,b'N',8607.299805,b'W',253.9,0
169,3511.758789,b'N',8607.299805,b'W',253.9,0
170,3511.758789,b'N',8607.299805,b'W',253.9,0
171,3511.758789,b'N',8607.299805,b'W',253.9,0
172,3511.758789,b'N',8607.299805,b'W',253.9,0
173,3511.758545,b'N',8607.299805,b'W',253.9,0
174,3511.758545,b'N',8607.299805,b'W',253.9,0
175,3511.758545,b'N',8607.299805,b'W',253.9,0
176,3511.758545,b'N',8607.299805,b'W',253.9,0
177,3511.758545,b'N',8607.299805,b'W',253.9,0
178,3511.758789,b'N',8607.299805,b'W',253.9,0
179,3511.758789,b'N',8607.299805,b'W',253.9,0
180,3511.759033,b'N',8607.299805,b'W',253.8,0
181,3511.759277,b'N',8607.299805,b'W',253.9,0
182,3511.759277,b'N',8607.299805,b'W',253.8,0
183,3511.759521,b'N',8607.299805,b'W',253.8,0
184,3511.759521,b'N',8607.298828,b'W',253.8,0
185,3511.760010,b'N',8607.298828,b'W',253.8,0
186,3511.760010,b'N',8607.298828,b'W',253.8,0
187,3511.759766,b'N',8607.298828,b'W',253.8,0
188,3511.759766,b'N',8607.299805,b'W',253.9,0
189,3511.759766,b'N',8607.299805,b'W',253.9,0
190,3511.759766,b'N',8607.299805,b'W',253.9,0
191,3511.759766,b'N',8607.298828,b'W',253.9,0
192,3511.759766,b'N',8607.298828,b'W',253.9,0
193,3511.759766,b'N',8607.298828,b'W',253.9,0
194,3511.759766,b'N',8607.298828,b'W',253.9,0
195,3511.759766,b'N',8607.298828,b'W',253.9,0
196,3511.759766,b'N',8607.298828,b'W',253.9,0
197,3511.760010,b'N',8607.298828,b'W',254.0,0
198,3511.760010,b'N',8607.298828,b'W',254.0,0
199,3511.760010,b'N',8607.298828,b'W',254.0,0
200,3511.759766,b'N',8607.299805,b'W',254.0,0
201,3511.760010,b'N',8607.299805,b'W',254.0,0
202,3511.760010,b'N',8607.299805,b'W',254.0,0
203,3511.760010,b'N',8607.299805,b'W',254.0,0
204,3511.760254,b'N',8607.299805,b'W',254.0,0
205,3511.760254,b'N',8607.299805,b'W',254.0,0
206,3511.760254,b'N',8607.298828,b'W',254.0,0
207,3511.760254,b'N',8607.298828,b'W',254.0,0
208,3511.760498,b'N',8607.298828,b'W',254.0,0
209,3511.760498,b'N',8607.298828,b'W',254.0,0
210,3511.760498,b'N',8607.298828,b'W',254.0,0
211,3511.760254,b'N',8607.299805,b'W',254.1,0
212,3511.760254,b'N',8607.299805,b'W',254.1,0
213,3511.760254,b'N',8607.298828,b'W',254.1,0
214,3511.760254,b'N',8607.299805,b'W',254.1,0
215,3511.760010,b'N',8607.299805,b'W',254.1,0
216,3511.760254,b'N',8607.299805,b'W',254.1,0
217,3511.760254,b'N',8607.299805,b'W',254.1,0
218,3511.760010,b'N',8607.299805,b'W',254.1,0
219,3511.760254,b'N',8607.299805,b'W',254.1,0
220,3511.760254,b'N',8607.299805,b'W',254.1,0
221,3511.760254,b'N',8607.299805,b'W',254.1,0
222,3511.760254,b'N',8607.299805,b'W',254.1,0
223,3511.760498,b'N',8607.299805,b'W',254.1,0
224,3511.760498,b'N',8607.299805,b'W',254.1,0
225,3511.760498,b'N',8607.299805,b'W',254.1,0
226,3511.760498,b'N',8607.299805,b'W',254.1,0
227,3511.760498,b'N',8607.299805,b'W',254.1,0
228,3511.760498,b'N',8607.299805,b'W',254.1,0
229,3511.760498,b'N',8607.299805,b'W',254.1,0
230,3511.760498,b'N',8607.299805,b'W',254.2,0
231,3511.760742,b'N',8607.299805,b'W',254.2,0
232,3511.760498,b'N',8607.299805,b'W',254.2,0
233,3511.760498,b'N',8607.298828,b'W',254.2,0
234,3511.760498,b'N',8607.298828,b'W',254.2,0
235,3511.760498,b'N',8607.298828,b'W',254.2,0
236,3511.760498,b'N',8607.298828,b'W',254.2,0
237,3511.760498,b'N',8607.298828,b'W',254.2,0
238,3511.760498,b'N',8607.298828,b'W',254.2,0
239,3511.760498,b'N',8607.298828,b'W',254.1,0
240,3511.760498,b'N',8607.298828,b'W',254.1,0
241,3511.760498,b'N',8607.298828,b'W',254.2,0
242,3511.760498,b'N',8607.298828,b'W',254.2,0
243,3511.760498,b'N',8607.298828,b'W',254.2,0
244,3511.760498,b'N',8607.298828,b'W',254.2,0
245,3511.760498,b'N',8607.298828,b'W',254.2,0
246,3511.760498,b'N',8607.298828,b'W',254.3,0
247,3511.760498,b'N',8607.298828,b'W',254.3,0
248,3511.760498,b'N',8607.298828,b'W',254.4,0
249,3511.760498,b'N',8607.298828,b'W',254.3,0
250,3511.760498,b'N',8607.298828,b'W',254.3,0
251,3511.760498,b'N',8607.298828,b'W',254.4,0
252,3511.760498,b'N',8607.298828,b'W',254.4,0
253,3511.760498,b'N',8607.298828,b'W',254.4,0
254,3511.760498,b'N',8607.298828,b'W',254.4,0
255,3511.760498,b'N',8607.298828,b'W',254.4,0
256,3511.760498,b'N',8607.298828,b'W',254.4,0
257,3511.760498,b'N',8607.298828,b'W',254.3,0
258,3511.760254,b'N',8607.298828,b'W',254.3,0
259,3511.760254,b'N',8607.298828,b'W',254.3,0
260,3511.760254,b'N',8607.298828,b'W',254.4,0
261,3511.760254,b'N',8607.298828,b'W',254.4,0
262,3511.760254,b'N',8607.298828,b'W',254.4,0
263,3511.760254,b'N',8607.298828,b'W',254.4,0
264,3511.760498,b'N',8607.298828,b'W',254.4,0
265,3511.760498,b'N',8607.298828,b'W',254.4,0
266,3511.760498,b'N',8607.298828,b'W',254.4,0
267,3511.760742,b'N',8607.298828,b'W',254.4,0
268,3511.760742,b'N',8607.298828,b'W',254.5,0
269,3511.760498,b'N',8607.298828,b'W',254.5,0
270,3511.760742,b'N',8607.298828,b'W',254.5,0
271,3511.760742,b'N',8607.298828,b'W',254.5,0
272,3511.760498,b'N',8607.298828,b'W',254.5,0
273,3511.760742,b'N',8607.298828,b'W',254.4,0
274,3511.760742,b'N',8607.298828,b'W',254.4,0
275,3511.760742,b'N',8607.298828,b'W',254.4,0
276,3511.760742,b'N',8607.298828,b'W',254.4,0
277,3511.760742,b'N',8607.298828,b'W',254.4,0
278,3511.760742,b'N',8607.298828,b'W',254.4,0
279,3511.760742,b'N',8607.298828,b'W',254.4,0
280,3511.760742,b'N',8607.298828,b'W',254.4,0
281,3511.760742,b'N',8607.298828,b'W',254.4,0
282,3511.760742,b'N',8607.298828,b'W',254.5,0
283,3511.760742,b'N',8607.298828,b'W',254.5,0
284,3511.760742,b'N',8607.298828,b'W',254.5,0
285,3511.760742,b'N',8607.298828,b'W',254.5,0
286,3511.760986,b'N',8607.298828,b'W',254.5,0
287,3511.760742,b'N',8607.298828,b'W',254.5,0
288,3511.760742,b'N',8607.298828,b'W',254.5,0
289,3511.760742,b'N',8607.298828,b'W',254.5,0
290,3511.760742,b'N',8607.298828,b'W',254.5,0
291,3511.760498,b'N',8607.299805,b'W',254.5,0
292,3511.760498,b'N',8607.299805,b'W',254.5,0
293,3511.760498,b'N',8607.299805,b'W',254.5,0
294,3511.760498,b'N',8607.299805,b'W',254.5,0
295,3511.760498,b'N',8607.299805,b'W',254.5,0
296,3511.760498,b'N',8607.299805,b'W',254.5,0
297,3511.760254,b'N',8607.299805,b'W',254.5,0
298,3511.760254,b'N',8607.299805,b'W',254.5,0
299,3511.760254,b'N',8607.299805,b'W',254.5,0
300,3511.760010,b'N',8607.299805,b'W',254.5,0
301,3511.760254,b'N',8607.299805,b'W',254.6,0
302,3511.760254,b'N',8607.299805,b'W',254.6,0
303,3511.760254,b'N',8607.299805,b'W',254.6,0
304,3511.760254,b'N',8607.299805,b'W',254.6,0
305,3511.760254,b'N',8607.299805,b'W',254.6,0
306,3511.760254,b'N',8607.299805,b'W',254.6,0
307,3511.760254,b'N',8607.299805,b'W',254.6,0
308,3511.760254,b'N',8607.299805,b'W',254.6,0
309,3511.760254,b'N',8607.298828,b'W',254.6,0
310,3511.760254,b'N',8607.298828,b'W',254.6,0
311,3511.760254,b'N',8607.298828,b'W',254.6,0
312,3511.760254,b'N',8607.298828,b'W',254.6,0
313,3511.760254,b'N',8607.298828,b'W',254.6,0
314,3511.760254,b'N',8607.298828,b'W',254.7,0
315,3511.760254,b'N',8607.298828,b'W',254.7,0
316,3511.760254,b'N',8607.298828,b'W',254.7,0
317,3511.760254,b'N',8607.298828,b'W',254.7,0
318,3511.760498,b'N',8607.298828,b'W',254.8,0
319,3511.760254,b'N',8607.298828,b'W',254.8,0
320,3511.760254,b'N',8607.298828,b'W',254.8,0
321,3511.760254,b'N',8607.298828,b'W',254.8,0
322,3511.760254,b'N',8607.298828,b'W',254.8,0
323,3511.760254,b'N',8607.298828,b'W',254.8,0
324,3511.760254,b'N',8607.298828,b'W',254.8,0
325,3511.760254,b'N',8607.298828,b'W',254.8,0
326,3511.760254,b'N',8607.298828,b'W',254.8,0
327,3511.760010,b'N',8607.298828,b'W',254.8,0
328,3511.760010,b'N',8607.298828,b'W',254.8,0
329,3511.760010,b'N',8607.298828,b'W',254.8,0
330,3511.760010,b'N',8607.298828,b'W',254.8,0
331,3511.760010,b'N',8607.298828,b'W',254.8,0
332,3511.759766,b'N',8607.298828,b'W',254.8,0
333,3511.759766,b'N',8607.298828,b'W',254.8,0
334,3511.759766,b'N',8607.298828,b'W',254.8,0
335,3511.759766,b'N',8607.298828,b'W',254.8,1
336,3511.759766,b'N',8607.298828,b'W',254.8,0
337,3511.760010,b'N',8607.298828,b'W',254.9,0
338,3511.760010,b'N',8607.298828,b'W',254.9,0
339,3511.760010,b'N',8607.298828,b'W',254.9,0
340,3511.760010,b'N',8607.298828,b'W',254.9,0
341,3511.760010,b'N',8607.298828,b'W',254.9,0
342,3511.759766,b'N',8607.298828,b'W',254.9,0
343,3511.759766,b'N',8607.298828,b'W',254.9,0
344,3511.759766,b'N',8607.298828,b'W',254.9,0
345,3511.760010,b'N',8607.298828,b'W',254.9,0
346,3511.760010,b'N',8607.298828,b'W',254.9,0
347,3511.760010,b'N',8607.299805,b'W',254.9,0
348,3511.760010,b'N',8607.299805,b'W',254.9,0
349,3511.760010,b'N',8607.299805,b'W',254.9,0
350,3511.760010,b'N',8607.299805,b'W',254.9,0
351,3511.760010,b'N',8607.299805,b'W',254.9,0
352,3511.760010,b'N',8607.299805,b'W',254.9,0
353,3511.760010,b'N',8607.299805,b'W',254.9,0
354,3511.760010,b'N',8607.299805,b'W',254.9,0
355,3511.760010,b'N',8607.299805,b'W',254.9,0
356,3511.760010,b'N',8607.299805,b'W',254.9,0
357,3511.760010,b'N',8607.299805,b'W',254.9,0
358,3511.760010,b'N',8607.299805,b'W',254.9,0
359,3511.759766,b'N',8607.299805,b'W',254.9,0
360,3511.760010,b'N',8607.299805,b'W',254.9,0
361,3511.760010,b'N',8607.299805,b'W',254.9,0
362,3511.760010,b'N',8607.299805,b'W',254.9,0
363,3511.759766,b'N',8607.299805,b'W',254.9,0
364,3511.760010,b'N',8607.299805,b'W',254.9,0
365,3511.759766,b'N',8607.299805,b'W',254.9,0
366,3511.760010,b'N',8607.299805,b'W',254.9,0
367,3511.760010,b'N',8607.299805,b'W',254.9,0
368,3511.760010,b'N',8607.299805,b'W',254.9,0
369,3511.760010,b'N',8607.298828,b'W',254.9,0
370,3511.760010,b'N',8607.298828,b'W',254.9,0
371,3511.760010,b'N',8607.298828,b'W',254.9,0
372,3511.760010,b'N',8607.298828,b'W',254.9,0
373,3511.760010,b'N',8607.298828,b'W',254.9,0
374,3511.760010,b'N',8607.298828,b'W',254.9,0
375,3511.760010,b'N',8607.298828,b'W',254.9,0
376,3511.760010,b'N',8607.299805,b'W',254.9,0
377,3511.760010,b'N',8607.298828,b'W',254.9,0
378,3511.760498,b'N',8607.298828,b'W',254.9,0
379,3511.760254,b'N',8607.298828,b'W',254.9,0
380,3511.760498,b'N',8607.298828,b'W',254.9,0
381,3511.760254,b'N',8607.298828,b'W',254.9,0
382,3511.760254,b'N',8607.298828,b'W',254.9,0
383,3511.760498,b'N',8607.298828,b'W',254.9,0
384,3511.760498,b'N',8607.298828,b'W',254.9,0
385,3511.760742,b'N',8607.298828,b'W',254.9,0
386,3511.760498,b'N',8607.298828,b'W',254.9,0
387,3511.760498,b'N',8607.298828,b'W',254.9,0
388,3511.760498,b'N',8607.298828,b'W',254.9,0
389,3511.760498,b'N',8607.298828,b'W',254.9,0
390,3511.760498,b'N',8607.299805,b'W',254.9,0
391,3511.760498,b'N',8607.299805,b'W',254.9,0
392,3511.760498,b'N',8607.299805,b'W',254.9,0
393,3511.760498,b'N',8607.299805,b'W',254.8,0
394,3511.760498,b'N',8607.299805,b'W',254.9,0
395,3511.760498,b'N',8607.299805,b'W',254.9,0
396,3511.760498,b'N',8607.299805,b'W',255.0,0
397,3511.760498,b'N',8607.299805,b'W',255.0,0
398,3511.760498,b'N',8607.299805,b'W',255.0,0
399,3511.760498,b'N',8607.299805,b'W',255.0,0
400,3511.760498,b'N',8607.298828,b'W',255.0,0
401,3511.760498,b'N',8607.298828,b'W',255.0,0
402,3511.760498,b'N',8607.298828,b'W',255.0,0
403,3511.760498,b'N',8607.298828,b'W',255.0,0
404,3511.760498,b'N',8607.298828,b'W',254.9,0
405,3511.760498,b'N',8607.298828,b'W',254.9,0
406,3511.760498,b'N',8607.298828,b'W',255.1,0
407,3511.760498,b'N',8607.298828,b'W',255.2,0
408,3511.760498,b'N',8607.298828,b'W',255.2,0
409,3511.760254,b'N',8607.299805,b'W',255.2,0
410,3511.760254,b'N',8607.299805,b'W',255.2,0
411,3511.760254,b'N',8607.299805,b'W',255.2,0
412,3511.760254,b'N',8607.299805,b'W',255.2,0
413,3511.760498,b'N',8607.299805,b'W',255.2,0
414,3511.760498,b'N',8607.299805,b'W',255.2,0
415,3511.760742,b'N',8607.299805,b'W',255.2,0
416,3511.760742,b'N',8607.299805,b'W',255.2,0
417,3511.760742,b'N',8607.299805,b'W',255.2,0
418,3511.760742,b'N',8607.299805,b'W',255.2,0
419,3511.760742,b'N',8607.299805,b'W',255.2,0
420,3511.760742,b'N',8607.299805,b'W',255.2,0
421,3511.760742,b'N',8607.299805,b'W',255.2,0
422,3511.760742,b'N',8607.298828,b'W',255.2,0
423,3511.760498,b'N',8607.298828,b'W',255.2,0
424,3511.760742,b'N',8607.298828,b'W',255.1,0
425,3511.760742,b'N',8607.298828,b'W',255.1,0
426,3511.760498,b'N',8607.298828,b'W',255.1,0
427,3511.760742,b'N',8607.298828,b'W',255.1,0
428,3511.760742,b'N',8607.298828,b'W',255.1,0
429,3511.760742,b'N',8607.298828,b'W',255.1,0
430,3511.760742,b'N',8607.298828,b'W',255.1,0
431,3511.760986,b'N',8607.298828,b'W',255.0,0
432,3511.760986,b'N',8607.298828,b'W',255.0,0
433,3511.760986,b'N',8607.298828,b'W',254.9,0
434,3511.760986,b'N',8607.298828,b'W',254.9,0
435,3511.760742,b'N',8607.298828,b'W',254.9,0
436,3511.760986,b'N',8607.298828,b'W',254.9,0
437,3511.760986,b'N',8607.298828,b'W',254.9,0
438,3511.760986,b'N',8607.298828,b'W',254.9,0
439,3511.761230,b'N',8607.298828,b'W',254.9,0
440,3511.761230,b'N',8607.298828,b'W',254.9,0
441,3511.760986,b'N',8607.298828,b'W',254.9,0
442,3511.760986,b'N',8607.298828,b'W',254.9,0
443,3511.760986,b'N',8607.298828,b'W',254.9,0
444,3511.760742,b'N',8607.298828,b'W',254.9,0
445,3511.760742,b'N',8607.298828,b'W',255.0,0
446,3511.760742,b'N',8607.298828,b'W',255.0,0
447,3511.760498,b'N',8607.298828,b'W',254.9,0
448,3511.760498,b'N',8607.298828,b'W',255.0,0
449,3511.760498,b'N',8607.298828,b'W',255.0,0
450,3511.760498,b'N',8607.298828,b'W',255.0,0
451,3511.760498,b'N',8607.298828,b'W',255.0,0
452,3511.760498,b'N',8607.298828,b'W',255.0,0
453,3511.760498,b'N',8607.298828,b'W',255.0,0
454,3511.760498,b'N',8607.298828,b'W',255.0,0
455,3511.760498,b'N',8607.298828,b'W',255.0,0
456,3511.760498,b'N',8607.298828,b'W',255.0,0
457,3511.760498,b'N',8607.298828,b'W',255.0,0
458,3511.760498,b'N',8607.298828,b'W',255.0,0
459,3511.760498,b'N',8607.298828,b'W',255.0,0
460,3511.760254,b'N',8607.298828,b'W',255.0,0
461,3511.760498,b'N',8607.298828,b'W',255.0,0
462,3511.760498,b'N',8607.298828,b'W',255.0,0
463,3511.760254,b'N',8607.299805,b'W',255.0,0
464,3511.760254,b'N',8607.299805,b'W',255.1,0
465,3511.760254,b'N',8607.299805,b'W',255.1,0
466,3511.760254,b'N',8607.299805,b'W',255.1,0
467,3511.760254,b'N',8607.299805,b'W',255.1,0
468,3511.760254,b'N',8607.299805,b'W',255.1,0
469,3511.760254,b'N',8607.299805,b'W',255.1,0
470,3511.760254,b'N',8607.299805,b'W',255.1,0
471,3511.760254,b'N',8607.299805,b'W',255.1,0
472,3511.760254,b'N',8607.299805,b'W',255.0,0
473,3511.760254,b'N',8607.299805,b'W',255.0,0
474,3511.760254,b'N',8607.299805,b'W',255.0,0
475,3511.760254,b'N',8607.298828,b'W',255.0,0
476,3511.760498,b'N',8607.298828,b'W',255.0,0
477,3511.760254,b'N',8607.298828,b'W',255.0,0
478,3511.760254,b'N',8607.298828,b'W',255.0,0
479,3511.760498,b'N',8607.298828,b'W',255.0,0
480,3511.760498,b'N',8607.298828,b'W',255.0,0
481,3511.760498,b'N',8607.298828,b'W',255.0,0
482,3511.760498,b'N',8607.298828,b'W',255.0,0
483,3511.760498,b'N',8607.298828,b'W',255.0,0
484,3511.760498,b'N',8607.298828,b'W',255.0,0
485,3511.760498,b'N',8607.298828,b'W',255.0,0
486,3511.760498,b'N',8607.298828,b'W',255.0,0
487,3511.760498,b'N',8607.298828,b'W',255.0,0
488,3511.760498,b'N',8607.298828,b'W',255.0,0
489,3511.760498,b'N',8607.298828,b'W',255.0,0
490,3511.760254,b'N',8607.298828,b'W',255.0,0
491,3511.760254,b'N',8607.298828,b'W',255.0,0
492,3511.760254,b'N',8607.298828,b'W',255.0,0
493,3511.760254,b'N',8607.298828,b'W',255.0,0
494,3511.760254,b'N',8607.298828,b'W',255.0,0
495,3511.760254,b'N',8607.298828,b'W',255.0,0
496,3511.760254,b'N',8607.298828,b'W',255.0,0
497,3511.760254,b'N',8607.298828,b'W',255.0,0
498,3511.760254,b'N',8607.298828,b'W',255.0,0
499,3511.760498,b'N',8607.298828,b'W',255.0,0
500,3511.760498,b'N',8607.298828,b'W',255.0,0
501,3511.760498,b'N',8607.298828,b'W',255.0,0
502,3511.760498,b'N',8607.298828,b'W',254.9,0
503,3511.760498,b'N',8607.298828,b'W',254.9,0
504,3511.760498,b'N',8607.298828,b'W',255.0,0
505,3511.760498,b'N',8607.298828,b'W',254.9,0
506,3511.760498,b'N',8607.298828,b'W',254.9,0
507,3511.760498,b'N',8607.298828,b'W',254.9,0
508,3511.760254,b'N',8607.298828,b'W',254.9,0
509,3511.760254,b'N',8607.298828,b'W',254.9,0
510,3511.760254,b'N',8607.298828,b'W',255.0,0
511,3511.760254,b'N',8607.298828,b'W',255.0,0
512,3511.760254,b'N',8607.298828,b'W',254.9,0
513,3511.760254,b'N',8607.298828,b'W',254.9,0
514,3511.760498,b'N',8607.298828,b'W',254.9,0
515,3511.760498,b'N',8607.298828,b'W',254.9,0
516,3511.760498,b'N',8607.298828,b'W',254.9,0
517,3511.760742,b'N',8607.298828,b'W',254.9,0
518,3511.760498,b'N',8607.298828,b'W',254.9,0
519,3511.760498,b'N',8607.298828,b'W',254.9,0
520,3511.760498,b'N',8607.299805,b'W',254.9,0
521,3511.760742,b'N',8607.299805,b'W',254.9,0
522,3511.760498,b'N',8607.299805,b'W',254.9,0
523,3511.760498,b'N',8607.299805,b'W',254.9,0
524,3511.760498,b'N',8607.299805,b'W',254.9,0
525,3511.760742,b'N',8607.299805,b'W',254.9,0
526,3511.760742,b'N',8607.299805,b'W',254.9,0
527,3511.760742,b'N',8607.299805,b'W',254.9,0
528,3511.760742,b'N',8607.299805,b'W',254.9,0
529,3511.760986,b'N',8607.299805,b'W',254.9,0
530,3511.760986,b'N',8607.299805,b'W',254.9,0
531,3511.760986,b'N',8607.299805,b'W',254.9,0
532,3511.760986,b'N',8607.299805,b'W',254.9,0
533,3511.760986,b'N',8607.299805,b'W',254.9,0
534,3511.760986,b'N',8607.299805,b'W',254.9,0
535,3511.761230,b'N',8607.299805,b'W',254.9,0
536,3511.761475,b'N',8607.299805,b'W',254.9,0
537,3511.761475,b'N',8607.299805,b'W',254.9,0
538,3511.761475,b'N',8607.299805,b'W',254.9,0
539,3511.761475,b'N',8607.299805,b'W',254.9,0
540,3511.761475,b'N',8607.299805,b'W',254.9,0
541,3511.761475,b'N',8607.300781,b'W',254.9,0
542,3511.761475,b'N',8607.300781,b'W',254.9,0
543,3511.761475,b'N',8607.300781,b'W',254.9,0
544,3511.761719,b'N',8607.300781,b'W',254.9,0
545,3511.761719,b'N',8607.300781,b'W',254.9,0
546,3511.761719,b'N',8607.300781,b'W',254.9,0
547,3511.761719,b'N',8607.300781,b'W',255.0,0
548,3511.761963,b'N',8607.299805,b'W',255.0,0
549,3511.761719,b'N',8607.299805,b'W',255.0,0
550,3511.761963,b'N',8607.299805,b'W',255.0,0
551,3511.761719,b'N',8607.299805,b'W',254.9,0
552,3511.761963,b'N',8607.299805,b'W',254.9,0
553,3511.761963,b'N',8607.299805,b'W',254.9,0
554,3511.761963,b'N',8607.299805,b'W',255.0,0
555,3511.761719,b'N',8607.299805,b'W',255.0,0
556,3511.761719,b'N',8607.299805,b'W',255.0,0
557,3511.761963,b'N',8607.299805,b'W',255.0,0
558,3511.761719,b'N',8607.299805,b'W',255.0,0
559,3511.761719,b'N',8607.299805,b'W',255.0,0
560,3511.761719,b'N',8607.299805,b'W',255.0,0
561,3511.761719,b'N',8607.300781,b'W',255.0,0
562,3511.761963,b'N',8607.300781,b'W',255.0,0
563,3511.761963,b'N',8607.300781,b'W',255.0,0
564,3511.761963,b'N',8607.300781,b'W',255.0,0
565,3511.761963,b'N',8607.300781,b'W',255.0,0
566,3511.761963,b'N',8607.300781,b'W',255.0,0
567,3511.761963,b'N',8607.300781,b'W',255.0,0
568,3511.761963,b'N',8607.300781,b'W',255.0,0
569,3511.761963,b'N',8607.300781,b'W',255.0,0
570,3511.761963,b'N',8607.300781,b'W',255.0,0
571,3511.761963,b'N',8607.300781,b'W',255.0,0
572,3511.761963,b'N',8607.300781,b'W',255.0,0
573,3511.761963,b'N',8607.300781,b'W',255.0,0
574,3511.761963,b'N',8607.300781,b'W',255.0,0
575,3511.761963,b'N',8607.300781,b'W',255.0,0
576,3511.761963,b'N',8607.300781,b'W',255.0,0
577,3511.761963,b'N',8607.300781,b'W',255.0,0
578,3511.761719,b'N',8607.300781,b'W',255.0,0
579,3511.761963,b'N',8607.300781,b'W',255.1,0
580,3511.761963,b'N',8607.300781,b'W',255.1,0
581,3511.761963,b'N',8607.300781,b'W',255.1,0
582,3511.762207,b'N',8607.300781,b'W',255.1,0
583,3511.762207,b'N',8607.300781,b'W',255.1,0
584,3511.761963,b'N',8607.300781,b'W',255.1,0
585,3511.761963,b'N',8607.300781,b'W',255.1,0
586,3511.761963,b'N',8607.300781,b'W',255.1,0
587,3511.761963,b'N',8607.300781,b'W',255.1,0
588,3511.761719,b'N',8607.300781,b'W',255.1,0
589,3511.761719,b'N',8607.300781,b'W',255.1,0
590,3511.761719,b'N',8607.300781,b'W',255.1,0
591,3511.761719,b'N',8607.300781,b'W',255.1,0
592,3511.761719,b'N',8607.300781,b'W',255.1,0
593,3511.761719,b'N',8607.300781,b'W',255.1,0
594,3511.761719,b'N',8607.300781,b'W',255.1,0
595,3511.761719,b'N',8607.300781,b'W',255.1,0
596,3511.761963,b'N',8607.300781,b'W',255.1,0
597,3511.762207,b'N',8607.300781,b'W',255.1,0
598,3511.762207,b'N',8607.300781,b'W',255.1,0
599,3511.762207,b'N',8607.300781,b'W',255.1,0
600,3511.762207,b'N',8607.300781,b'W',255.1,0
601,3511.762207,b'N',8607.300781,b'W',255.1,0
602,3511.762207,b'N',8607.300781,b'W',255.1,0
603,3511.762207,b'N',8607.300781,b'W',255.1,0
604,3511.762451,b'N',8607.300781,b'W',255.1,0
605,3511.762451,b'N',8607.300781,b'W',255.1,0
606,3511.762451,b'N',8607.300781,b'W',255.1,0
607,3511.762451,b'N',8607.300781,b'W',255.1,0
608,3511.762451,b'N',8607.301758,b'W',255.1,0
609,3511.762451,b'N',8607.301758,b'W',255.1,0
610,3511.762451,b'N',8607.301758,b'W',255.1,0
611,3511.762451,b'N',8607.301758,b'W',255.1,0
612,3511.762451,b'N',8607.301758,b'W',255.1,0
613,3511.762451,b'N',8607.301758,b'W',255.1,0
614,3511.762451,b'N',8607.301758,b'W',255.1,0
615,3511.762695,b'N',8607.301758,b'W',255.1,0
616,3511.762695,b'N',8607.301758,b'W',255.1,0
617,3511.762451,b'N',8607.301758,b'W',255.2,0
618,3511.762451,b'N',8607.301758,b'W',255.2,0
619,3511.762695,b'N',8607.301758,b'W',255.2,0
620,3511.762939,b'N',8607.301758,b'W',255.2,0
621,3511.762939,b'N',8607.301758,b'W',255.2,0
622,3511.762939,b'N',8607.301758,b'W',255.2,0
623,3511.762939,b'N',8607.301758,b'W',255.3,0
624,3511.763184,b'N',8607.301758,b'W',255.3,0
625,3511.763184,b'N',8607.301758,b'W',255.3,0
626,3511.763428,b'N',8607.301758,b'W',255.2,0
627,3511.763428,b'N',8607.301758,b'W',255.2,0
628,3511.763428,b'N',8607.301758,b'W',255.2,0
629,3511.763428,b'N',8607.301758,b'W',255.2,0
630,3511.763428,b'N',8607.301758,b'W',255.2,0
631,3511.763428,b'N',8607.301758,b'W',255.2,0
632,3511.763184,b'N',8607.301758,b'W',255.2,0
633,3511.763428,b'N',8607.301758,b'W',255.2,0
634,3511.763428,b'N',8607.301758,b'W',255.2,0
635,3511.763428,b'N',8607.301758,b'W',255.2,0
636,3511.763428,b'N',8607.301758,b'W',255.2,0
637,3511.763428,b'N',8607.301758,b'W',255.2,0
638,3511.763428,b'N',8607.301758,b'W',255.2,0
639,3511.763428,b'N',8607.301758,b'W',255.2,0
640,3511.763428,b'N',8607.301758,b'W',255.2,0
641,3511.763428,b'N',8607.301758,b'W',255.2,0
642,3511.763428,b'N',8607.301758,b'W',255.2,0
643,3511.763428,b'N',8607.301758,b'W',255.2,0
644,3511.763672,b'N',8607.301758,b'W',255.3,0
645,3511.763672,b'N',8607.301758,b'W',255.3,0
646,3511.763672,b'N',8607.301758,b'W',255.3,0
647,3511.763672,b'N',8607.301758,b'W',255.3,0
648,3511.763916,b'N',8607.301758,b'W',255.3,0
649,3511.763916,b'N',8607.301758,b'W',255.3,0
650,3511.763916,b'N',8607.300781,b'W',255.3,0
651,3511.763916,b'N',8607.300781,b'W',255.4,0
652,3511.763916,b'N',8607.300781,b'W',255.4,0
653,3511.763916,b'N',8607.300781,b'W',255.4,0
654,3511.763916,b'N',8607.300781,b'W',255.4,0
655,3511.764160,b'N',8607.300781,b'W',255.4,0
656,3511.764160,b'N',8607.300781,b'W',255.4,0
657,3511.764160,b'N',8607.300781,b'W',255.4,0
658,3511.764160,b'N',8607.300781,b'W',255.4,0
659,3511.764404,b'N',8607.300781,b'W',255.4,0
660,3511.764404,b'N',8607.300781,b'W',255.4,0
661,3511.764404,b'N',8607.300781,b'W',255.5,0
662,3511.764648,b'N',8607.300781,b'W',255.5,0
663,3511.764648,b'N',8607.300781,b'W',255.5,0
664,3511.764648,b'N',8607.300781,b'W',255.5,0
665,3511.764893,b'N',8607.300781,b'W',255.5,0
666,3511.764893,b'N',8607.300781,b'W',255.5,0
667,3511.764893,b'N',8607.300781,b'W',255.5,0
668,3511.764893,b'N',8607.300781,b'W',255.5,0
669,3511.764893,b'N',8607.300781,b'W',255.5,0
670,3511.764893,b'N',8607.300781,b'W',255.5,0
671,3511.765137,b'N',8607.299805,b'W',255.6,0
672,3511.765137,b'N',8607.299805,b'W',255.6,0
673,3511.765137,b'N',8607.299805,b'W',255.6,0
674,3511.765137,b'N',8607.299805,b'W',255.6,0
675,3511.765137,b'N',8607.299805,b'W',255.8,0
676,3511.764893,b'N',8607.299805,b'W',255.9,0
677,3511.765137,b'N',8607.299805,b'W',256.0,0
678,3511.765137,b'N',8607.299805,b'W',256.0,0
679,3511.765137,b'N',8607.299805,b'W',256.0,0
680,3511.765137,b'N',8607.299805,b'W',255.9,0
681,3511.765137,b'N',8607.299805,b'W',255.9,0
682,3511.765137,b'N',8607.299805,b'W',255.9,0
683,3511.765137,b'N',8607.300781,b'W',255.9,0
684,3511.765137,b'N',8607.300781,b'W',255.9,0
685,3511.765137,b'N',8607.299805,b'W',255.8,0
686,3511.765137,b'N',8607.299805,b'W',255.8,0
687,3511.765381,b'N',8607.299805,b'W',255.1,0
688,3511.765381,b'N',8607.299805,b'W',255.2,0
689,3511.765381,b'N',8607.299805,b'W',255.0,0
690,3511.765381,b'N',8607.299805,b'W',255.0,0
691,3511.765381,b'N',8607.299805,b'W',255.0,0
692,3511.765381,b'N',8607.299805,b'W',255.0,0
693,3511.765381,b'N',8607.299805,b'W',255.0,0
694,3511.765381,b'N',8607.299805,b'W',255.0,0
695,3511.765381,b'N',8607.299805,b'W',255.0,0
696,3511.765381,b'N',8607.299805,b'W',255.0,0
697,3511.765381,b'N',8607.299805,b'W',255.0,0
698,3511.765381,b'N',8607.299805,b'W',255.1,0
699,3511.765381,b'N',8607.299805,b'W',255.1,0
700,3511.765625,b'N',8607.299805,b'W',255.1,0
701,3511.765625,b'N',8607.299805,b'W',255.1,0
702,3511.765381,b'N',8607.299805,b'W',255.1,0
703,3511.765381,b'N',8607.299805,b'W',255.0,0
704,3511.765381,b'N',8607.299805,b'W',255.0,0
705,3511.765381,b'N',8607.299805,b'W',255.0,0
706,3511.765381,b'N',8607.299805,b'W',255.0,0
707,3511.765381,b'N',8607.299805,b'W',255.0,0
708,3511.765381,b'N',8607.299805,b'W',255.0,0
709,3511.765381,b'N',8607.299805,b'W',255.0,0
710,3511.765381,b'N',8607.299805,b'W',255.0,0
711,3511.765381,b'N',8607.299805,b'W',255.0,0
712,3511.765381,b'N',8607.299805,b'W',255.0,0
713,3511.765381,b'N',8607.299805,b'W',255.0,0
714,3511.765381,b'N',8607.299805,b'W',254.9,0
715,3511.765381,b'N',8607.299805,b'W',254.9,0
716,3511.765381,b'N',8607.299805,b'W',254.9,0
717,3511.765381,b'N',8607.299805,b'W',254.9,0
718,3511.765381,b'N',8607.299805,b'W',254.9,0
719,3511.765381,b'N',8607.299805,b'W',254.9,0
720,3511.765137,b'N',8607.299805,b'W',254.9,0
721,3511.765137,b'N',8607.299805,b'W',255.0,0
722,3511.765381,b'N',8607.299805,b'W',255.0,0
723,3511.765381,b'N',8607.299805,b'W',254.9,0
724,3511.765381,b'N',8607.299805,b'W',254.9,0
725,3511.765381,b'N',8607.299805,b'W',254.9,0
726,3511.765381,b'N',8607.299805,b'W',254.9,0
727,3511.765381,b'N',8607.299805,b'W',254.9,0
728,3511.765381,b'N',8607.298828,b'W',254.9,0
729,3511.765381,b'N',8607.298828,b'W',254.9,0
730,3511.765381,b'N',8607.298828,b'W',254.9,0
731,3511.765381,b'N',8607.298828,b'W',254.9,0
732,3511.765381,b'N',8607.298828,b'W',254.9,0
733,3511.765381,b'N',8607.298828,b'W',254.9,0
734,3511.765381,b'N',8607.298828,b'W',254.9,0
735,3511.765381,b'N',8607.298828,b'W',254.9,0
736,3511.765381,b'N',8607.298828,b'W',254.9,0
737,3511.765381,b'N',8607.298828,b'W',254.9,0
738,3511.765381,b'N',8607.298828,b'W',254.9,0
739,3511.765381,b'N',8607.298828,b'W',254.9,0
740,3511.765381,b'N',8607.298828,b'W',254.9,0
741,3511.765381,b'N',8607.298828,b'W',254.9,0
742,3511.765381,b'N',8607.298828,b'W',254.9,0
743,3511.765381,b'N',8607.298828,b'W',254.9,0
744,3511.765381,b'N',8607.298828,b'W',254.9,0
745,3511.765381,b'N',8607.298828,b'W',254.9,0
746,3511.765381,b'N',8607.298828,b'W',254.9,0
747,3511.765381,b'N',8607.298828,b'W',254.9,0
748,3511.765381,b'N',8607.298828,b'W',254.9,0
749,3511.765381,b'N',8607.298828,b'W',254.9,0
750,3511.765625,b'N',8607.298828,b'W',254.9,0
751,3511.765625,b'N',8607.298828,b'W',254.9,0
752,3511.765625,b'N',8607.298828,b'W',254.9,0
753,3511.765625,b'N',8607.298828,b'W',254.8,0
754,3511.765625,b'N',8607.298828,b'W',254.8,0
755,3511.765625,b'N',8607.298828,b'W',254.8,0
756,3511.765625,b'N',8607.299805,b'W',254.9,0
757,3511.765381,b'N',8607.299805,b'W',254.9,0
758,3511.765381,b'N',8607.299805,b'W',254.9,0
759,3511.765381,b'N',8607.299805,b'W',254.9,0
760,3511.765381,b'N',8607.299805,b'W',254.9,0
761,3511.765381,b'N',8607.299805,b'W',254.9,0
762,3511.765381,b'N',8607.299805,b'W',254.9,0
763,3511.765381,b'N',8607.299805,b'W',254.9,0
764,3511.765381,b'N',8607.299805,b'W',254.9,0
765,3511.765381,b'N',8607.299805,b'W',255.0,0
766,3511.765381,b'N',8607.299805,b'W',255.0,0
767,3511.765137,b'N',8607.299805,b'W',255.0,0
768,3511.765137,b'N',8607.299805,b'W',255.0,0
769,3511.765137,b'N',8607.299805,b'W',255.0,0
770,3511.765381,b'N',8607.299805,b'W',255.0,0
771,3511.765381,b'N',8607.299805,b'W',255.0,0
772,3511.765381,b'N',8607.299805,b'W',255.0,0
773,3511.765381,b'N',8607.299805,b'W',255.0,0
774,3511.765381,b'N',8607.299805,b'W',255.0,0
775,3511.765381,b'N',8607.299805,b'W',255.0,0
776,3511.765381,b'N',8607.299805,b'W',255.0,0
777,3511.765381,b'N',8607.299805,b'W',255.0,0
778,3511.765381,b'N',8607.299805,b'W',255.0,0
779,3511.765381,b'N',8607.299805,b'W',255.0,0
780,3511.765381,b'N',8607.299805,b'W',255.0,0
781,3511.765381,b'N',8607.299805,b'W',255.0,0
782,3511.765381,b'N',8607.299805,b'W',255.0,0
783,3511.765137,b'N',8607.299805,b'W',255.0,0
784,3511.765137,b'N',8607.299805,b'W',255.0,0
785,3511.765137,b'N',8607.299805,b'W',255.0,0
786,3511.765137,b'N',8607.299805,b'W',254.9,0
787,3511.765137,b'N',8607.299805,b'W',254.9,0
788,3511.765381,b'N',8607.299805,b'W',254.9,0
789,3511.765381,b'N',8607.299805,b'W',255.0,0
790,3511.765381,b'N',8607.299805,b'W',255.0,0
791,3511.765381,b'N',8607.299805,b'W',255.0,0
792,3511.765381,b'N',8607.299805,b'W',255.0,0
793,3511.765381,b'N',8607.299805,b'W',255.0,0
794,3511.765381,b'N',8607.298828,b'W',255.0,0
795,3511.765381,b'N',8607.298828,b'W',255.1,0
796,3511.765381,b'N',8607.298828,b'W',255.0,0
797,3511.765381,b'N',8607.298828,b'W',255.0,0
798,3511.765381,b'N',8607.298828,b'W',255.0,0
799,3511.765381,b'N',8607.298828,b'W',255.0,0
800,3511.765381,b'N',8607.298828,b'W',255.0,0
801,3511.765381,b'N',8607.298828,b'W',255.1,0
802,3511.765381,b'N',8607.298828,b'W',255.1,0
803,3511.765381,b'N',8607.298828,b'W',255.1,0
804,3511.765625,b'N',8607.298828,b'W',255.1,0
805,3511.765625,b'N',8607.298828,b'W',255.1,0
806,3511.765625,b'N',8607.298828,b'W',255.1,0
807,3511.765625,b'N',8607.298828,b'W',255.1,0
808,3511.765625,b'N',8607.298828,b'W',255.1,0
809,3511.765625,b'N',8607.298828,b'W',255.1,0
810,3511.765625,b'N',8607.298828,b'W',255.2,0
811,3511.765625,b'N',8607.298828,b'W',255.2,0
812,3511.765625,b'N',8607.298828,b'W',255.2,0
813,3511.765625,b'N',8607.298828,b'W',255.2,0
814,3511.765625,b'N',8607.298828,b'W',255.2,0
815,3511.765625,b'N',8607.298828,b'W',255.2,0
816,3511.765625,b'N',8607.298828,b'W',255.2,0
817,3511.765625,b'N',8607.298828,b'W',255.2,0
818,3511.765625,b'N',8607.298828,b'W',255.2,0
819,3511.765625,b'N',8607.298828,b'W',255.2,0
820,3511.765625,b'N',8607.298828,b'W',255.1,0
821,3511.765869,b'N',8607.298828,b'W',255.1,0
822,3511.765625,b'N',8607.298828,b'W',255.1,0
823,3511.765625,b'N',8607.298828,b'W',255.1,0
824,3511.765625,b'N',8607.298828,b'W',255.1,0
825,3511.765625,b'N',8607.298828,b'W',255.2,0
826,3511.765625,b'N',8607.298828,b'W',255.2,0
827,3511.765625,b'N',8607.299805,b'W',255.2,0
828,3511.765869,b'N',8607.299805,b'W',255.2,0
829,3511.765869,b'N',8607.299805,b'W',255.2,0
830,3511.765869,b'N',8607.299805,b'W',255.2,0
831,3511.765869,b'N',8607.299805,b'W',255.2,0
832,3511.765869,b'N',8607.299805,b'W',255.2,0
833,3511.765869,b'N',8607.299805,b'W',255.2,0
834,3511.765869,b'N',8607.298828,b'W',255.2,0
835,3511.765869,b'N',8607.298828,b'W',255.2,0
836,3511.766113,b'N',8607.299805,b'W',255.2,0
837,3511.766113,b'N',8607.299805,b'W',255.3,0
838,3511.766113,b'N',8607.299805,b'W',255.3,0
839,3511.766113,b'N',8607.299805,b'W',255.3,0
840,3511.766113,b'N',8607.299805,b'W',255.3,0
841,3511.766113,b'N',8607.299805,b'W',255.3,0
842,3511.766113,b'N',8607.299805,b'W',255.3,0
843,3511.766113,b'N',8607.299805,b'W',255.4,0
844,3511.766113,b'N',8607.299805,b'W',255.4,0
845,3511.766357,b'N',8607.299805,b'W',255.4,0
846,3511.766357,b'N',8607.299805,b'W',255.4,0
847,3511.766113,b'N',8607.299805,b'W',255.4,0
848,3511.766357,b'N',8607.299805,b'W',255.4,0
849,3511.766113,b'N',8607.299805,b'W',255.5,0
850,3511.766357,b'N',8607.299805,b'W',255.5,0
851,3511.766357,b'N',8607.299805,b'W',255.5,0
852,3511.766357,b'N',8607.299805,b'W',255.5,0
853,3511.766357,b'N',8607.299805,b'W',255.5,0
854,3511.766357,b'N',8607.299805,b'W',255.5,0
855,3511.766357,b'N',8607.299805,b'W',255.5,0
856,3511.766113,b'N',8607.299805,b'W',255.5,0
857,3511.766113,b'N',8607.299805,b'W',255.5,0
858,3511.766357,b'N',8607.299805,b'W',255.6,0
859,3511.766113,b'N',8607.299805,b'W',255.6,0
860,3511.766357,b'N',8607.299805,b'W',255.6,0
861,3511.766357,b'N',8607.299805,b'W',255.6,0
862,3511.766357,b'N',8607.299805,b'W',255.6,0
863,3511.766357,b'N',8607.299805,b'W',255.7,0
864,3511.766357,b'N',8607.299805,b'W',255.7,0
865,3511.766357,b'N',8607.299805,b'W',255.8,0
866,3511.766357,b'N',8607.299805,b'W',255.9,0
867,3511.766357,b'N',8607.299805,b'W',255.9,0
868,3511.766357,b'N',8607.299805,b'W',255.9,0
869,3511.766357,b'N',8607.299805,b'W',255.9,0
870,3511.766357,b'N',8607.299805,b'W',255.9,0
871,3511.766357,b'N',8607.299805,b'W',255.8,0
872,3511.766602,b'N',8607.299805,b'W',255.5,0
873,3511.766602,b'N',8607.299805,b'W',255.0,0
874,3511.766602,b'N',8607.299805,b'W',255.0,0
875,3511.766602,b'N',8607.299805,b'W',254.8,0
876,3511.766602,b'N',8607.299805,b'W',254.8,0
877,3511.766602,b'N',8607.299805,b'W',254.8,0
878,3511.766602,b'N',8607.299805,b'W',254.8,0
879,3511.766846,b'N',8607.299805,b'W',254.8,0
880,3511.766846,b'N',8607.299805,b'W',254.9,0
881,3511.766846,b'N',8607.299805,b'W',254.8,0
882,3511.766846,b'N',8607.298828,b'W',254.9,0
883,3511.766846,b'N',8607.298828,b'W',254.9,0
884,3511.766846,b'N',8607.298828,b'W',254.8,0
885,3511.766846,b'N',8607.299805,b'W',254.9,0
886,3511.766846,b'N',8607.299805,b'W',254.9,0
887,3511.766846,b'N',8607.299805,b'W',254.9,0
888,3511.766846,b'N',8607.299805,b'W',254.9,0
889,3511.766846,b'N',8607.299805,b'W',255.0,0
890,3511.766846,b'N',8607.298828,b'W',255.0,0
891,3511.766602,b'N',8607.298828,b'W',255.0,0
